<?xml version="1.0" encoding='UTF-8'?>
<!DOCTYPE hibernate-mapping PUBLIC
                            "-//Hibernate/Hibernate Mapping DTD 3.0//EN"
                            "http://hibernate.sourceforge.net/hibernate-mapping-3.0.dtd" >

<hibernate-mapping package="edu.thu.ext.quartz">

	<class name="Triggers" table="QRTZ_TRIGGERS">
		<composite-id name="triggersPK" class="TriggersPK">
			<key-property name="triggerName" column="TRIGGER_NAME" type="string"/>
			<key-property name="triggerGroup" column="TRIGGER_GROUP" type="string"/>	
		</composite-id>
		<property name="jobName" column="JOB_NAME"
			type="string" />
		<property name="jobGroup" column="JOB_GROUP"
			type="string" />
		<property name="isVolatile" column="IS_VOLATILE"
			type="string" />
		<property name="description" column="DESCRIPTION"
			type="string" />
		<property name="nextFireTime" column="NEXT_FIRE_TIME"
			type="long" />	
		<property name="prevFireTime" column="PREV_FIRE_TIME"
			type="long" />	
		<property name="triggerState" column="TRIGGER_STATE"
			type="string" />
		<property name="triggerType" column="TRIGGER_TYPE"
			type="string" />
		<property name="startTime" column="START_TIME"
			type="long" />	
		<property name="endTime" column="END_TIME"
			type="long" />
		<property name="calendarName" column="CALENDAR_NAME"
			type="string" />
		<property name="misfireInstr" column="MISFIRE_INSTR"
			type="integer" />		
	</class>

</hibernate-mapping>
