<portlets>
<portlet id="edu.thu.app.user.Login" name="LoginModule">
    <description/>
    <creater/>
    <createTime/>
    <updater/>
    <updateTime/>
    
    <singleton/>
    
    <cache>
        <expire/>
        <shared/>
    </cache>
    
    <defaultLocale>zh</defaultLocale>
   
    <resource>
       <language locale="zh">
            <string id="portlet.name" >value</value>  
       </language>
       <language locale="en">
            <string id="portlet.name" > value </value>  
       </language>
    </resource>    
    
    <views>
        <view id="default">
            <url base="">
                <tpl/>
                <objectType/>
                <objectName/>
                <objectEvent/>
                <otherArg></otherArg>
            </url>
        </view>
        <view id="maximized">
        </view>
        <view id="normal">
            <url/>
        </view>
    </views>
    
</portlet>
</portlets>